"CUSTOMER_ID","CUSTOMER_NAME"
1,"Cust_1"
2,"Cust_2"
3,"Cust_3"
4,"Cust_4"
5,"Cust_5"
6,"Cust_6"
7,"Cust_7"
8,"Cust_8"
9,"Cust_9"
10,"Cust_10"
11,"Cust_11"
12,"Cust_12"
13,"Cust_13"
14,"Cust_14"
15,"Cust_15"
16,"Cust_16"
17,"Cust_17"
18,"Cust_18"
19,"Cust_19"
20,"Cust_20"
21,"Cust_21"
22,"Cust_22"
23,"Cust_23"
24,"Cust_24"
25,"Cust_25"
26,"Cust_26"
27,"Cust_27"
28,"Cust_28"
29,"Cust_29"
30,"Cust_30"
31,"Cust_31"
32,"Cust_32"
33,"Cust_33"
34,"Cust_34"
35,"Cust_35"
36,"Cust_36"
37,"Cust_37"
38,"Cust_38"
39,"Cust_39"
40,"Cust_40"
41,"Cust_41"
42,"Cust_42"
43,"Cust_43"
44,"Cust_44"
45,"Cust_45"
46,"Cust_46"
47,"Cust_47"
48,"Cust_48"
49,"Cust_49"
50,"Cust_50"
